27205,Inception
20352,Despicable Me
10138,Iron Man 2
12444,Harry Potter and the Deathly Hallows: Part 1
37799,The Social Network
12155,Alice in Wonderland
27578,The Expendables
38757,Tangled
11324,Shutter Island
20526,TRON: Legacy
44214,Black Swan
10191,How to Train Your Dragon
27576,Salt
10193,Toy Story 3
23483,Kick-Ass
18823,Clash of the Titans
34851,Predators
32657,Percy Jackson & the Olympians: The Lightning Thief
37735,Easy A
41233,Step Up 3D
20504,The Book of Eli
23631,Machete
38365,Grown Ups
39514,RED
41733,Due Date
34544,The A-Team
49018,Insidious
10192,Shrek Forever After
22538,Scott Pilgrim vs. the World
37834,Knight and Day
45269,The King's Speech
20662,Robin Hood
9543,Prince of Persia: The Sands of Time
39451,Little Fockers
10140,The Chronicles of Narnia: The Voyage of the Dawn Treader
38167,Eat Pray Love
27581,The Other Guys
24021,The Twilight Saga: Eclipse
37710,The Tourist
27022,The Sorcerer's Apprentice
38575,The Karate Kid
41439,Saw: The Final Chapter
65496,Student Services
10196,The Last Airbender
23168,The Town
44048,Unstoppable
37056,Letters to Juliet
44115,127 Hours
42188,Never Let Me Go
43347,Love & Other Drugs
13477,When in Rome
51170,Open Season 3
41283,Faster
22971,Dear John
12819,Alpha and Omega
38745,Gulliver's Travels
38778,Dinner for Schmucks
48946,Chatroom
47931,Elite Squad: The Enemy Within
31867,Repo Men
74997,The Human Centipede 2 (Full Sequence)
35056,Date Night
49797,I Saw the Devil
23437,A Nightmare on Elm Street
44629,Animal Kingdom
41216,Legend of the Guardians: The Owls of Ga'Hoole
42949,Arthur 3: The War of the Two Worlds
22907,Takers
37950,Charlie St. Cloud
22972,Green Zone
46838,Tucker and Dale vs Evil
7978,The Wolfman
49953,A Turtle's Tale: Sammy's Adventures
43923,It's Kind of a Funny Story
43933,Monsters
43539,The Next Three Days
39013,Winter's Bone
38055,Megamind
58857,13 Assassins
37495,Four Lions
51739,The Secret World of Arrietty
20533,Jonah Hex
44264,True Grit
45317,The Fighter
51620,Death Race 2
26388,Buried
55347,Beginners
49009,The Way Back
46738,Incendies
39781,The Kids Are All Right
41436,Paranormal Activity 2
23023,Tooth Fairy
48289,The Debt
61979,Three Steps Above Heaven
32823,Get Him to the Greek
46146,Troll Hunter
46503,All Good Things
48650,Room in Rome
51608,The Man from Nowhere
27579,The American
34803,Death at a Funeral
43947,I Spit on Your Grave
44009,Another Year
42194,Tekken
25195,Leap Year
23169,Remember Me
35169,Furry Vengeance
38303,You Again
34813,The Losers
37645,22 Bullets
40662,Batman: Under the Red Hood
52015,Stake Land
42684,Skyline
52371,LelleBelle
45132,Super
23830,Last Night
33217,Diary of a Wimpy Kid
23048,Hot Tub Time Machine
41210,The Switch
38357,Morning Glory
32856,Valentine's Day
38199,Unthinkable
48492,Detective Dee and the Mystery of the Phantom Flame
54551,Banana
16290,Jackass 3D
35690,The Last Song
44603,Hereafter
22894,Legion
47626,Legend of the BoneKnapper Dragon
44147,Wild Target
38408,Life as We Know It
42297,Burlesque
40619,Day & Night
33909,Wall Street: Money Never Sleeps
43209,Ong Bak 3
58496,Senna
45094,Conviction
12201,Edge of Darkness
35019,Nanny McPhee and the Big Bang
40205,16 Wishes
38363,Fair Game
44129,The Company Men
45657,The Ward
44683,Tinker Bell and the Great Fairy Rescue
73211,King of Devil's Island
47533,Scooby-Doo! Curse of the Lake Monster
48838,London Boulevard
45745,Sintel
55785,NEDs
52338,Waiting for Forever
45649,Rubber
44244,Camp Rock 2: The Final Jam
43956,Tom and Jerry Meet Sherlock Holmes
32916,Scooby-Doo! Abracadabra-Doo
41215,Black Death
23172,The Spy Next Door
47088,The Extra Man
41505,Shelter
41201,The Illusionist
44092,Reign of Assassins
41402,Let Me In
37821,Killers
44639,Inside Job
66193,Sinners and Saints
27004,Ca$h
40264,Vampires Suck
23759,Centurion
54553,Home Makeover
44363,Frozen
44992,Hubble 3D
278427,Family Guy Presents: It's a Trap!
23742,Cop Out
53172,Henry's Crime
45958,Biutiful
59429,Paranormal Activity: Tokyo Night
39285,Beauty & the Briefcase
27573,The Bounty Hunter
40720,Twelve
50393,Kung Fu Panda Holiday
27586,The Runaways
29564,Smokin' Aces 2: Assassins' Ball
26389,From Paris with Love
43593,Piranha 3D
43418,Beneath Hill 60
45272,Country Strong
73861,A Serbian Film
40247,Please Give
56832,Gantz
44982,13
38579,Marmaduke
61984,Space Battleship Yamato
48415,Welcome to the South
41135,Operation: Endgame
50618,Fortress of War
38407,Shanghai
41211,Heartbreaker
34806,The Back-Up Plan
64956,Inception: The Cobol Job
44718,Get Low
36566,Cheech & Chong's Hey Watch This
44877,4.3.2.1
54559,Orientation Day
48844,The Search for Santa Paws
37708,Wild Things: Foursome
12685,BloodRayne: The Third Reich
38234,Undisputed III: Redemption
59145,The Assault
59065,Route Irish
53010,La Chance de ma vie
37931,MacGruber
43930,"Tomorrow, When the War Began"
38031,You Will Meet a Tall Dark Stranger
52077,Nothing to Declare
43920,Dog Pound
189197,The Pacific
31007,Welcome to the Rileys
48015,13Hrs
44040,Devil
39413,My Afternoons with Margueritte
35138,Little Big Soldier
44874,Barbie: A Fashion Fairytale
59457,Womb
74471,The Dead
36801,Cemetery Junction
27569,Extraordinary Measures
51823,Across the Line: The Exodus of Charlie Wright
47218,Happythankyoumoreplease
46523,New Kids Turbo
54186,Confessions
52587,We Are the Night
80188,Boy Wonder
36696,Space Dogs
44678,Altitude
39691,Cats & Dogs: The Revenge of Kitty Galore
37828,Armadillo
45324,Casino Jack
38961,Tamara Drewe
66195,The Perfect Host
11761,Peacock
43090,Gunless
44862,Once Fallen
35402,Icarus
51250,Gun
43549,The Experiment
34016,She's Out of My League
56272,Elektra Luxx
34182,Confucius
46837,Kaboom
38073,Going the Distance
43479,Off Limits
48303,Certified Copy
60809,Single By Contract
35552,The Extraordinary Adventures of Adèle Blanc-Sec
39210,Somewhere
50674,The Lost Future
44113,Stone
42889,The Virginity Hit
50204,Burke & Hare
41382,Lottery Ticket
45162,Superman/Batman: Apocalypse
46528,The Warrior's Way
49004,Beneath the Dark
34179,14 Blades
57361,The Yellow Sea
43922,Legendary
48034,Little White Lies
38843,Ramona and Beezus
61404,Point Blank
51273,Dark World
27585,Rabbit Hole
59490,Cave of Forgotten Dreams
36950,You Don't Know Jack
43944,Bonded by Blood
49706,Dream Home
35025,Le Mac
37737,Kites
43919,Hatchet II
35153,The Heavy
50135,Animals United
43939,I'm Still Here
37786,Sex and the City 2
58446,Daydream Nation
50838,Wrecked
51875,Miss Nobody
43949,Flipped
46705,Blue Valentine
37414,The Killer Inside Me
36550,Jack and the Beanstalk
35217,Friendship!
39446,At Risk
52349,In Gold We Trust
27583,Greenberg
46441,Mirrors 2
45013,Burning Palms
35458,Crazy on the Outside
44716,In a Better World
65760,The Whistleblower
41515,Yogi Bear
59435,An Invisible Sign
34335,Nine Dead
46138,Made in Dagenham
46541,Game of Death
44638,The Tempest
41411,The Round Up
51090,With Love... from the Age of Reason
46261,Don't Be Afraid of the Dark
41556,The Romantics
35656,As Good As Dead
43642,Abandoned
39053,Cyrus
31035,A Somewhat Gentle Man
37816,Dark Island
55045,Psych:9
58764,Lapland Odyssey
33107,And Soon the Darkness
57695,The Princess of Montpensier
40794,Loose Cannons
31992,Freeway Killer
48392,Sound of Noise
43931,My Soul to Take
44835,Hesher
38626,Going Postal
39486,Secretariat
42888,How Do You Know
49347,Needle
50848,The Names of Love
129182,Oh! Invisible Man
62871,Quartier Lointain
53459,F
45781,Hole in One
41445,Psychosis
52208,Nude Nuns With Big Guns
49787,The Reef
45756,Saint
35688,Why Did I Get Married Too?
46934,Mr Nice
60309,The Conspirator
12645,Inhale
47467,Kill Speed
51271,Yaroslav. A Thousand Years Ago
52274,Julia's Eyes
46332,Of Gods and Men
30675,Planet Hulk
56623,"Ao, The Last Neanderthal"
55692,Scrat's Continental Crack-Up
29427,The Crazies
40194,Paris Express
26022,My Name Is Khan
34777,King of Triads
68193,The Perfect Teacher
41345,Shank
39957,Burning Bright
37813,Shadow
35558,StarStruck
41592,StreetDance 3D
60575,Prowl
38358,The Last Exorcism
42941,30 Days of Night: Dark Days
62728,Brighton Rock
60011,The Bang Bang Club
39452,Exit Through the Gift Shop
37034,True Legend
43935,Dylan Dog: Dead of Night
67198,Bloodworth
42296,Catfish
45658,Everything Must Go
63555,Leap Year
37832,Mammuth
55246,Ceremony
71622,Atrocious
60534,The Silence
51409,The Tree
46103,Born to Raise Hell
38156,The Big I Am
51072,Beautiful Lies
45556,Arctic Blast
41273,On Tour
54532,Is It Just Me?
45569,Red Hill
61591,Welcome to the Space Show
33555,Sherlock Holmes
27584,High School
29920,Easy Money
44245,Triple Tap
33427,LEGO: The Adventures of Clutch Powers
148284,Robot
36085,The Crocodiles Strike Back
22166,Fast Lane
43943,Jack Goes Boating
63561,Ben Hur
41271,Copacabana
55061,Frankie & Alice
57243,The Women on the 6th Floor
57703,Norwegian Wood
76820,Drunkboat
44425,Dabangg
48836,Kill Katie Malone
55215,Dead Space: Aftermath
40722,How to Make Love to a Woman
47386,Yellow Brick Road
1771,Captain America: The First Avenger
10195,Thor
12445,Harry Potter and the Deathly Hallows: Part 2
64690,Drive
56292,Mission: Impossible - Ghost Protocol
1865,Pirates of the Caribbean: On Stranger Tides
61791,Rise of the Planet of the Apes
39254,Real Steel
49444,Kung Fu Panda 2
49849,Cowboys & Aliens
17578,The Adventures of Tintin
86331,Desire
77338,The Intouchables
50544,Friends with Benefits
45612,Source Code
46195,Rio
75174,The Grey
41630,No Strings Attached
82023,Hotel Desire
58574,Sherlock Holmes: A Game of Shadows
44896,Rango
71676,Ghost Rider: Spirit of Vengeance
58423,Puss in Boots
50546,Just Go with It
46529,I Am Number Four
49013,Cars 2
94329,The Raid
50014,The Help
50456,Hanna
51540,Horrible Bosses
49530,In Time
60935,The Thing
55721,Bridesmaids
41513,The Smurfs
44826,Hugo
65754,The Girl with the Dragon Tattoo
44943,Battle: Los Angeles
50619,The Twilight Saga: Breaking Dawn - Part 1
76025,Shame
38321,Priest
44912,Green Lantern
40805,The Green Hornet
45243,The Hangover Part II
52449,Bad Teacher
48138,Unknown
27582,The Mechanic
65057,The Descendants
10316,The Ides of March
37686,Super 8
71672,Wrong Turn 4: Bloody Beginnings
59436,Midnight in Paris
50348,The Lincoln Lawyer
45772,Gnomeo & Juliet
52451,The Three Musketeers
39538,Contagion
58224,Mr. Popper's Penguins
72571,Paranormal Activity 3
49730,Red Riding Hood
74465,We Bought a Zoo
68818,Blackthorn
74643,The Artist
49021,Killer Elite
57212,War Horse
70435,Haywire
23047,Season of the Witch
41446,Scream 4
38050,The Adjustment Bureau
51876,Limitless
48988,Hall Pass
68817,Footloose
83389,From Up on Poppy Hill
59965,Abduction
60308,Moneyball
74534,The Best Exotic Marigold Hotel
55787,Water for Elephants
55846,Blitz
37958,Immortals
23629,Sucker Punch
37430,Conan the Barbarian
39513,Paul
51828,One Day
74513,Special Forces
48231,A Dangerous Method
50359,Hop
81684,The Gruffalo's Child
40807,50/50
71469,The Darkest Hour
56288,Spy Kids: All the Time in the World
50321,Mars Needs Moms
65759,Happy Feet Two
62215,Melancholia
49517,Tinker Tailor Soldier Spy
44564,The Dilemma
48171,The Rite
77459,A Monster in Paris
75900,My Week with Marilyn
55301,Alvin and the Chipmunks: Chipwrecked
63492,What's Your Number?
83201,Puss in Boots: The Three Diablos
67913,The Guard
79707,Children Who Chase Lost Voices
47327,Drive Angry
57157,Young Adult
79218,Ice Age: A Mammoth Christmas
51162,Winnie the Pooh
8967,The Tree of Life
62835,Colombiana
58233,Johnny English Reborn
73456,Barbie: Princess Charm School
50646,"Crazy, Stupid, Love."
83564,La luna
55779,Final Destination 5
38317,Zookeeper
49520,The Change-Up
58443,Blue Crush 2
71670,Hostel: Part III
59108,Tower Heist
43959,Soul Surfer
45610,Machine Gun Preacher
44945,Trust
70670,Headhunters
60307,Diary of a Wimpy Kid: Rodrick Rules
38319,Your Highness
71157,Polisse
62838,New Year's Eve
51052,Arthur Christmas
70057,Dragon
72113,Carnage
51209,Kill the Irishman
77949,The Awakening
76758,The Flowers of War
74018,A Cinderella Story: Once Upon a Song
38322,"Big Mommas: Like Father, Like Son"
59440,Warrior
54540,Beverly Hills Chihuahua 2
71688,The Iron Lady
57431,The Sitter
48340,Sanctum
50725,Take Me Home Tonight
38117,Beastly
49022,Something Borrowed
57737,Barbie: A Fairy Secret
58428,The Innkeepers
81342,Delicacy
76543,Tyrannosaur
81025,Salmon Fishing in the Yemen
161337,Underworld: Endless War
63493,The Ledge
51999,Perfect Sense
70586,Setup
50839,Margin Call
59860,Monte Carlo
71859,We Need to Talk About Kevin
47760,Restless
70578,Trespass
71689,Phineas and Ferb the Movie: Across the 2nd Dimension
70954,The Hunter
86130,Pixie Hollow Games
80518,Fullmetal Alchemist: The Sacred Star of Milos
73530,Mardock Scramble: The Second Combustion
49020,Submarine
85621,Men in Hope
59678,Attack the Block
54445,S.W.A.T.: Firefight
69798,The Inbetweeners Movie
67308,3-D Sex and Zen: Extreme Ecstasy
71677,Assassination Games
73499,The Double
58767,Sniper: Reloaded
64328,The Muppets
74998,Seeking Justice
58231,Mardi Gras: Spring Break
70584,Hellraiser: Revelations
82424,Small Fry
60243,A Separation
65218,Lemonade Mouth
57276,Pina
60420,Like Crazy
65291,Green Lantern: Emerald Knights
81390,A Lonely Place to Die
91417,Dragons: Gift of the Night Fury
64639,Straw Dogs
71880,Jack and Jill
78182,Elena
82501,The Woman in the Fifth
58626,The Hit List
74308,Detachment
73567,Killer Joe
40161,The Decoy Bride
64678,The Art of Getting By
75720,One Life
81250,Geek Charming
91070,L!fe Happens
77221,Black Gold
51588,Prom
83899,You're Next
68684,Detention
59861,Larry Crowne
23514,The Rum Diary
65055,Shark Night
55420,Another Earth
58151,Fright Night
78570,Top Cat The Movie
79931,Adele: Live at the Royal Albert Hall
80410,In the Name of the King 2: Two Worlds
81393,12 Dates of Christmas
77499,Barbie: A Perfect Christmas
70006,Never Back Down 2: The Beatdown
50601,5 Days of War
55720,A Better Life
62630,The Devil's Double
73362,TRON: The Next Day
76535,A Funny Thing Happened on the Way to Thor's Hammer
49950,The Roommate
56415,A Gang Story
73358,Page Eight
88794,J. Edgar
65229,Tomboy
76101,Freerunner
62564,"Turn Me On, Dammit!"
83384,Dark Horse
65851,Jackass 3.5
49494,The Eagle
73588,The Caller
58219,Ages of Love
85439,"Snowflake, the White Gorilla"
57119,Jumping the Broom
50698,Grave Encounters
94047,My Way
53174,Kokowaah
79697,Butter
85545,Elles
45156,A Little Bit of Heaven
80591,W.E.
79443,The Smurfs: A Christmas Carol
84427,House of Tolerance
62206,30 Minutes or Less
66125,Red Dog
38543,Ironclad
57331,The Burma Conspiracy
52067,Cedar Rapids
73818,The Entitled
58232,Chalet Girl
50875,Higher Ground
38541,The Divide
75736,Catch .44
54293,Zeitgeist: Moving Forward
62046,Flypaper
89008,The Oranges
104711,Tom Sawyer
92182,Silent House
55725,Win Win
50357,Apollo 18
59968,Our Idiot Brother
79433,Ronal the Barbarian
57585,Elephant White
64720,Take Shelter
50780,The Beaver
57718,Megamind: The Button Of Doom
65034,Too Big to Fail
55292,Shaolin
73939,Pariah
74387,Goon
79379,Book of Dragons
77887,Hawaiian Vacation
49010,Hobo with a Shotgun
9364,Wuthering Heights
69668,Dream House
89708,Samsara
132923,"Guns, Girls and Gambling"
77878,The Lady
63311,The Skin I Live In
56590,All Star Superman
73108,Teen Spirit
69778,A Good Old Fashioned Orgy
78480,Monsieur Lazhar
64685,Extremely Loud & Incredibly Close
80038,Friends with Kids
74306,God Bless America
75107,Nirvana: Live At The Paramount
78476,My Worst Nightmare
49012,Arthur
63710,Honey 2
85836,Hara-Kiri: Death of a Samurai
59883,Age of the Dragons
57089,Hoodwinked Too! Hood VS. Evil
56831,The Sunset Limited
38684,Jane Eyre
74725,Kill List
75623,The Howling: Reborn
86820,4:44 Last Day on Earth
69735,Batman: Year One
77844,Caged
75622,Rampart
74135,Gantz: Perfect Answer
74879,Once Upon a Time in Anatolia
75802,Hysteria
64586,Sleeping Beauty
50671,The Resident
73936,Retreat
68472,House of the Rising Sun
74842,Legend of the Millennium Dragon
79070,Sleepless Night
51248,11/11/2011
41517,Ra.One
69792,Love Birds
74777,Absentia
38356,Transformers: Dark of the Moon
79040,Nova Zembla
79089,Assassin's Creed: Embers
280960,Catarina and the others
51996,Thin Ice
51245,Inseparable
85435,A Few Best Men
63207,Intruders
91550,Violet & Daisy
71744,Eating Out: Drama Camp
63513,Lady Gaga - Presents The Monster Ball Tour at Madison Square Garden
70876,Seven Days in Utopia
38753,Passion Play
57353,Cat Run
79113,A Princess for Christmas
61891,Anonymous
81232,Foster
60302,"Cougars, Inc."
75948,The Sorcerer and the White Snake
101173,Coriolanus
81870,Flying Swords of Dragon Gate
86987,Jackpot
96648,The Incident
72174,Doomsday Prophecy
59722,2012: Ice Age
82532,"Jeff, Who Lives at Home"
72432,Puncture
62837,Dolphin Tale
51017,Madea's Big Happy Family
66129,Les Tuche
31880,The Pool Boys
80125,Woman in Love
54271,The Big Bang
101733,Zombie Ass: Toilet of the Dead
50217,From Prada to Nada
73937,The Big Year
38540,Age of Heroes
73873,Albert Nobbs
62441,United
53487,This Must Be the Place
59006,Girl Walks Into a Bar
79516,Tekken: Blood Vengeance
65347,Cold Fusion
57586,African Cats
65650,The Good Doctor
59118,The Prey
64325,Cross
50837,Martha Marcy May Marlene
75421,Quest for Zhu
58547,10 Years
82529,Combat Girls
79224,War of the Arrows
77812,The Hike
84797,As Luck Would Have It
54075,Choose
89623,"Leafie, a Hen Into the Wild"
78504,Restitution
80201,Storm War
53505,The Last Lions
55465,A Very Harold & Kumar Christmas
84228,Julia X
64288,Forks Over Knives
82190,Legendary Amazons
77561,EVA
76451,Come As You Are
118248,Night of the Living Carrots
54093,Killing Bono
63849,Almanya - Willkommen in Deutschland
81401,The Turin Horse
65599,The Woman
86812,Sound of My Voice
30618,Bunraku
91549,The Moth Diaries
77461,Where Do We Go Now?
82469,The Kick
78363,My Little Princess
106984,Summer Window
60803,The Suite Life Movie
88844,Code Blue
72912,Carjacked
79771,Chillerama
70608,Lego Star Wars: The Padawan Menace
85033,Café de Flore
70587,Spooky Buddies
57812,51
72972,Tom and Jerry & The Wizard of Oz
74726,Juan of the Dead
68450,The Art of Flight
72066,Children...
62219,The 5th Execution
83900,Livid
84355,Your Sister's Sister
73262,Hell
24428,The Avengers
37724,Skyfall
68718,Django Unchained
49026,The Dark Knight Rises
49051,The Hobbit: An Unexpected Journey
70981,Prometheus
82690,Wreck-It Ralph
59967,Looper
72105,Ted
1930,The Amazing Spider-Man
76492,Hotel Transylvania
49529,John Carter
82693,Silver Linings Playbook
112160,Sexual Chronicles of a French Family
87827,Life of Pi
62177,Brave
82675,Taken 2
70160,The Hunger Games
64688,21 Jump Street
57800,Ice Age: Continental Drift
49040,The Bourne Legacy
58595,Snow White and the Huntsman
64635,Total Recall
22970,The Cabin in the Woods
76163,The Expendables 2
41154,Men in Black 3
76494,What to Expect When You're Expecting
83542,Cloud Atlas
68734,Argo
81188,Rise of the Guardians
49049,Dredd
71552,American Reunion
59961,Safe House
80321,Madagascar 3: Europe's Most Wanted
84892,The Perks of Being a Wallflower
57165,Wrath of the Titans
44833,Battleship
103663,The Hunt
50620,The Twilight Saga: Breaking Dawn - Part 2
76493,The Dictator
76726,Chronicle
72331,Abraham Lincoln: Vampire Hunter
114150,Pitch Perfect
72976,Lincoln
140420,Paperman
49527,Man on a Ledge
96724,Anna Karenina
57214,Project X
52520,Underworld: Awakening
82507,Sinister
87502,Flight
125509,Wrong Turn 5: Bloodlines
59962,This Means War
75780,Jack Reacher
62764,Mirror Mirror
70436,The Raven
99770,Astérix and Obélix: God Save Britannia
82695,Les Misérables
133931,Zambezia
110420,Wolf Children
61012,Silent Hill: Revelation 3D
75258,Secret of the Wings
97630,Zero Dark Thirty
80389,Get the Gringo
10679,Iron Sky
88005,Seeking a Friend for the End of the World
77877,The Lucky One
85446,Step Up Revolution
77930,Magic Mike
62213,Dark Shadows
72545,Journey 2: The Mysterious Island
127493,Stolen
80278,The Impossible
77016,End of Watch
80035,The Watch
83686,The Words
72570,The Vow
82633,Lawless
102780,Byzantium
73723,The Lorax
82390,The Paperboy
77866,Contraband
138376,A Dark Truth
58244,Upside Down
114478,Starship Troopers : Invasion
84174,Bachelorette
72197,The Pirates! In an Adventure with Scientists!
98567,Chinese Zodiac
103747,The Angels' Share
81796,Lockout
72387,Safe
70074,Bullet to the Head
95775,Clip
109513,Hit and Run
80271,LOL
65086,The Woman in Black
76489,The Three Stooges
87428,That's My Boy
75674,Act of Valor
60747,Red Dawn
62214,Frankenweenie
133694,Promised Land
79548,Gone
123109,No One Lives
97614,Deadfall
82650,Diary of a Wimpy Kid: Dog Days
127521,6 Bullets
111969,Stuck in Love
77174,ParaNorman
77953,The Campaign
82684,Chasing Mavericks
68722,The Master
78049,The Scorpion King 3: Battle for Redemption
86597,The Tall Man
84194,Excision
127372,Emperor
54054,One for the Money
134597,The Collection
83770,On the Road
71668,Piranha 3DD
83666,Moonrise Kingdom
109689,I Want You
81836,To Rome with Love
84332,Safety Not Guaranteed
103328,Holy Motors
87825,Trouble with the Curve
94562,Turkish for Beginners
82990,Paranormal Activity 4
94901,About Cherry
113947,The Sessions
98548,People Like Us
82525,Savages
133121,Resident Evil: Damnation
89492,This Is 40
82679,Fun Size
115290,Blue Lagoon: The Awakening
75761,John Dies at the End
122924,One in the Chamber
121826,Quartet
97051,Would You Rather
123025,"Batman: The Dark Knight Returns, Part 1"
97430,The Man with the Iron Fists
109584,Broken
100683,Dragon Eyes
119698,The Dinosaur Project
67660,Think Like a Man
119431,Halo 4: Forward Unto Dawn
84329,Robot & Frank
105965,Beverly Hills Chihuahua 3 - Viva La Fiesta!
116979,Chained
103686,Paradise: Love
121823,Tai Chi Zero
84199,The First Time
76487,The Devil Inside
68812,The Iceman
75629,Evangelion: 3.0 You Can (Not) Redo
84348,V/H/S
93837,So Undercover
84200,"For a Good Time, Call..."
121875,In the House
81446,The Baytown Outlaws
147655,Hamilton 2: But Not if it Concerns Your Daughter
78698,Big Miracle
109099,Passion
129533,Barbie: The Princess & The Popstar
127913,The Deep
60599,Arbitrage
151512,Jan Dara: The Beginning
49014,Cosmopolis
139329,Back to 1942
90369,Now Is Good
132137,Werewolf: The Beast Among Us
134366,Grave Encounters 2
89691,ATM
82450,Hamilton: In the Interest of the Nation
91694,Ace Attorney
72431,Red Tails
103332,Ruby Sparks
137182,The Broken Circle Breakdown
86838,Seven Psychopaths
112304,Soldiers of Fortune
127594,CLONED: The Recreator Chronicles
112200,Thanks for Sharing
121824,Stand Up Guys
82881,Tangled Ever After
149427,Journey to the Christmas Star
97434,Gambit
102629,El Gringo
106021,Erased
78047,Treasure Buddies
141614,"Niko 2 - Little Brother, Big Trouble"
94380,Bad Ass
127533,Rurouni Kenshin
130267,Seal Team Six: The Raid on Osama Bin Laden
82505,House at the End of the Street
92591,Bernie
80280,[REC]³ Genesis
118737,Interview with a Hitman
77875,Playing for Keeps
133200,Masquerade
46429,Gallowwalkers
119569,Item 47
92484,The Fourth State
88284,Barbara
153333,Vuelve
89455,360
86541,Ghost Graduation
127867,The Brass Teapot
89888,Wyatt Earp's Revenge
130925,Partysaurus Rex
117974,Sightseers
113594,Sammy's Adventures 2
104755,The Lords of Salem
84336,Shadow Dancer
80304,Casa De Mi Padre
150229,Tomorrow You're Gone
165567,Static
84184,Celeste & Jesse Forever
120292,Not Suitable For Children
126319,Ernest & Celestine
92393,Area 407
84341,Smashed
88273,A Royal Affair
85414,Brake
140222,Love and Honor
85735,Love Lasts Three Years
127370,Song for Marion
126250,Love Is All You Need
101731,The Magic of Belle Isle
128136,My Awkward Sexual Adventure
93856,Chernobyl Diaries
86837,Amour
84287,The Imposter
79694,The Apparition
52001,Citadel
84907,Playback
75638,Red Lights
112336,Hitchcock
111083,The Body
94348,Alex Cross
118279,Annika Bengtzon: Crime Reporter - Studio Sex
138222,Best Man Down
136911,The Factory
110354,Side by Side
84175,Beasts of the Southern Wild
118683,Maximum Conviction
164372,The Snow Queen
124157,The Thieves
156717,Death Race: Inferno
121789,At Any Price
82687,The Guilt Trip
50647,Wanderlust
87504,Hyde Park on Hudson
114606,Cockneys vs Zombies
72358,A Thousand Words
82696,Hope Springs
136278,Blood
77883,The Possession
110160,Laurence Anyways
72207,The Five-Year Engagement
113082,Berserk: The Golden Age Arc 1 - The Egg of the King
105528,Cowgirls n' Angels
95516,Cleanskin
122857,Universal Soldier: Day of Reckoning
139567,Fire with Fire
123235,Paris-Manhattan
122800,Freelancers
102630,Stash House
127374,Arthur Newman
87440,Struck by Lightning
118957,Bait
122089,Something in the Air
137409,Cold War
84178,Black Rock
89185,Radio Rebel
84204,Grabbers
94352,Cirque du Soleil: Worlds Away
140405,Coldplay: Live 2012
133698,Fly Me to the Moon
106685,Paris by Night
117923,Assassin's Bullet
123229,Porn in the Hood
94196,Zarafa
139651,Haute Cuisine
133558,Saints and Soldiers: Airborne Creed
72890,Girl Most Likely
112198,What's in a Name
86759,Rosewood Lane
167666,Monster High: Escape from Skull Shores
79465,Loosies
119117,Hijacked
86555,Take This Waltz
220746,Jewtopia
142591,Love Bite
103370,Madea's Witness Protection
140212,Confession of Murder
140441,Sadako 3D
128452,Tulpa - Demon of Desire
94204,Meeting Evil
127517,Disconnect
123103,Aftershock
80585,Rock of Ages
136405,The Outback
142308,Santa Paws 2: The Santa Pups
78571,Being Flynn
121734,"Tad, the Lost Explorer"
119278,Smiley
85739,A.C.A.B.: All Cops Are Bastards
111839,Hemingway & Gellhorn
137548,Gladiators of Rome
112090,Branded
98205,War Witch
84334,Searching for Sugar Man
133469,The Dream Team
87496,The Company You Keep
123678,The Act of Killing
130747,The Guardians
72334,Chimpanzee
111237,White Tiger
64689,Killing Them Softly
83186,Wrong
84577,7 Below
85872,Le Chef
84188,Compliance
91739,Much Ado About Nothing
109843,Ill Manors
102207,HOUBA! On the Trail of the Marsupilami
84575,Tooth Fairy 2
73935,Vamps
121677,The Reluctant Fundamentalist
102000,Sister
77948,The Cold Light of Day
113160,My First Time
115276,Pusher
168027,Freaky Deaky
97365,Rust and Bone
98582,Unit 7
70667,Kon-Tiki
110398,No
126277,American Mary
133458,The Hypnotist
84165,2 Days in New York
121830,Mr. Pip
99579,"Farewell, My Queen"
139455,Silent Night
121674,Great Expectations
111440,The Pact
116613,The Sweeney
135812,Dracula 3D
137193,The Day of the Crows
92645,Grimm's Snow White
85373,StreetDance 2
136403,Populaire
98339,The Samaritan
106717,The Last Will and Testament of Rosalind Leigh
137566,Between Us
162145,The Liability
127846,A Hijacking
123105,The Bay
128475,The Dino King
95755,Small Apartments
142638,Raven the Little Rascal
89899,The Players
134623,Tom and Jerry: Robin Hood and His Merry Mouse
139374,Bullit & Ripper
139933,Kiss of the Damned
152581,Room on the Broom
123506,Cinderella Once Upon A Time In The West
147177,Polar Bears: A Summer Odyssey
125490,Antiviral
141102,The Swan Princess Christmas
97690,We Are Legion: The Story of the Hacktivists
132316,Till Last Breath
100529,Lola Versus
137366,Led Zeppelin: Celebration Day
144616,Sofia the First: Once Upon a Princess
127872,Call Girl
149085,Tai Chi Hero
94904,7 Days in Havana
122044,Offender
134375,Home Alone: The Holiday Heist
118512,Annika Bengtzon: Crime Reporter - Lifetime
88042,Parental Guidance
127864,Blancanieves
114958,Storage 24
49526,Premium Rush
127651,The Seasoning House
122192,The Lookout
84169,Ai Weiwei: Never Sorry
124075,More Than Honey
94104,"3, 2, 1... Frankie Go Boom"
139862,Rommel
98948,Abraham Lincoln vs. Zombies
101519,A Fantastic Fear of Everything
122843,The Wedding Video
134371,Atlas Shrugged Part II
97512,The Courier
109500,Dawn Rider
84330,Room 237
89584,Conquest 1453
76338,Thor: The Dark World
101299,The Hunger Games: Catching Fire
106646,The Wolf of Wall Street
109445,Frozen
233063,"F*ck You, Goethe"
110415,Snowpiercer
72190,World War Z
57158,The Hobbit: The Desolation of Smaug
49521,Man of Steel
152601,Her
68721,Iron Man 3
87421,Riddick
54138,Star Trek Into Darkness
76203,12 Years a Slave
93456,Despicable Me 2
68726,Pacific Rim
96721,Rush
49047,Gravity
75612,Oblivion
168672,American Hustle
64682,The Great Gatsby
80274,Ender's Game
158015,The Purge
146233,Prisoners
152532,Dallas Buyers Club
82654,Warm Bodies
49519,The Croods
68724,Elysium
138843,The Conjuring
47964,A Good Day to Die Hard
116711,Epic
107846,Escape Plan
59859,Kick-Ass 2
109439,The Hangover Part III
132232,Mama
75656,Now You See Me
133805,Carrie
64686,47 Ronin
62211,Monsters University
76640,The Last Stand
209244,Are You Here
72559,G.I. Joe: Retaliation
86829,Inside Llewyn Davis
109443,Anchorman 2: The Legend Continues
109424,Captain Phillips
203833,The Book Thief
193756,Lone Survivor
146216,RED 2
184314,Young & Beautiful
107985,The World's End
138697,Don Jon
82682,Gangster Squad
60304,Hansel & Gretel: Witch Hunters
142061,"Batman: The Dark Knight Returns, Part 2"
149509,Horns
249397,Nymphomaniac: Vol. II
116745,The Secret Life of Walter Mitty
123553,The Mortal Instruments: City of Bones
204082,Homefront
151960,Planes
117251,White House Down
109451,Cloudy with a Chance of Meatballs 2
212716,What If
124459,The Incredible Burt Wonderstone
109428,Evil Dead
132363,The Butler
122906,About Time
136400,2 Guns
77950,Turbo
134374,Pain & Gain
152599,The Immigrant
150117,I Give It A Year
122081,Spring Breakers
109491,Beautiful Creatures
209189,Life of Crime
109414,This Is the End
198277,Begin Again
175574,Free Birds
72710,The Host
77987,Only God Forgives
138832,We're the Millers
97367,The Place Beyond the Pines
117263,Olympus Has Fallen
211954,Instructions Not Included
171424,The Green Inferno
64807,Grudge Match
77931,The Smurfs 2
68728,Oz: The Great and Powerful
149871,The Tale of the Princess Kaguya
91586,Insidious: Chapter 2
116741,The Internship
258216,Nymphomaniac: Vol. I
106747,Machete Kills
82700,After Earth
146238,Runner Runner
149870,The Wind Rises
112205,The Family
140823,Saving Mr. Banks
96936,The Bling Ring
164457,Out of the Furnace
49524,R.I.P.D.
4258,Scary Movie 5
192577,Space Pirate Captain Harlock
157354,Fruitvale Station
180948,Vehicle 19
109418,Grown Ups 2
86825,Stoker
109091,The Counselor
208134,Bad Grandpa
157386,The Spectacular Now
76544,Man of Tai Chi
76285,Percy Jackson: Sea of Monsters
115782,Jobs
192134,Dom Hemingway
146239,Delivery Man
152747,All Is Lost
220289,Coherence
76617,Texas Chainsaw 3D
109421,Side Effects
81005,Jack the Giant Slayer
57201,The Lone Ranger
210908,All Cheerleaders Die
134411,Snitch
85889,Filth
137093,Last Vegas
44865,The Grandmaster
136795,The Heat
168903,Barbie in the Pink Shoes
87818,Movie 43
204436,Jack and the Cuckoo-Clock Heart
129670,Nebraska
175774,Ruby Red
230222,Tarzan
169881,The Physician
174772,Europa Report
205724,Welcome to the Jungle
77805,Lovelace
192145,Third Person
129139,The To Do List
109410,42
217923,Young Detective Dee: Rise of the Sea Dragon
207768,I Spit on Your Grave 2
111190,Adore
209403,Bad Words
68727,Trance
166076,Superman: Unbound
146227,Getaway
98357,Broken City
190955,Blood Ties
127373,What Maisie Knew
158907,Breathe In
109431,Identity Thief
176068,1
157360,In a World...
179826,Odd Thomas
107811,21 & Over
169813,Short Term 12
103731,Mud
172391,Khumba
174188,Rapture Palooza
211387,Agent Carter
209504,Bounty Killer
178809,The Colony
179144,The Great Beauty
119675,Behind the Candelabra
199373,The Frozen Ground
153738,Frankenstein's Army
132344,Before Midnight
169209,Empire State
185567,Zulu
127560,The Railway Man
159095,In Fear
153158,Underdogs
152792,Devil's Knot
160139,Night Train to Lisbon
140870,Minuscule: Valley of the Lost Ants
87516,Oldboy
160588,Blue Jasmine
227348,Paranormal Activity: The Marked Ones
162903,The Fifth Estate
146223,Closed Circuit
215830,Open Grave
172803,Hours
170657,Journey to the West: Conquering the Demons
229405,Panic in the Mailroom
217316,1
175291,Cheap Thrills
87567,The Big Wedding
150202,The Haunting in Connecticut 2: Ghosts of Georgia
195269,12 Rounds 2: Reloaded
136418,Hummingbird
251783,Pleasure or Pain
121986,Frances Ha
209271,Hateship Loveship
222216,Special ID
172533,Drinking Buddies
199578,Patrick
152736,Child of God
201749,Mr. Morgan's Last Love
173185,It Boy
145197,Upstream Color
157351,The Truth About Emanuel
175528,Baggage Claim
41602,The Necessary Death of Charlie Countryman
183011,Justice League: The Flashpoint Paradox
220286,Grand Piano
130150,Labor Day
210047,Cold Comes the Night
91745,Romeo & Juliet
152737,August: Osage County
171540,Big Bad Wolves
77234,The Numbers Station
133790,Clear History
77663,Killing Season
139038,A Haunted House
233639,Windstorm
200462,Hansel & Gretel
100542,Vikingdom
186929,Borgman
152259,Phantom
185471,Battle of the Damned
146381,Justin and the Knights of Valour
152742,The Best Offer
174321,The English Teacher
253279,The Trials of Cate McCall
111473,The Invisible Woman
162215,How I Live Now
229407,Puppy
149910,Super Buddies
137968,Drift
205321,Sharknado
200713,9 Month Stretch
238302,Saving Santa
209247,The Art of the Steal
115348,Paranoia
93828,Welcome to the Punch
144340,Admission
208277,Wetlands
201066,Goodbye World
184352,Tom at the Farm
119283,Parker
87499,The East
159014,20 Feet from Stardom
202220,Badges of Fury
136850,Breaking the Girls
205601,Belle
145135,Dark Skies
152795,The Congress
169219,Devil's Pass
184125,Assault on Wall Street
204342,HK: Forbidden Super Hero
199420,Pawn Shop Chronicles
158091,Metro Manila
179538,Witching & Bitching
227700,Mindscape
168676,Company of Heroes
77951,Walking With Dinosaurs
168055,Love Is in the Air
217896,Suddenly
178446,Generation War
118289,Diana
219572,Police Story 2013
192136,Mandela: Long Walk to Freedom
140818,Ragnarok
152584,Blue Is the Warmest Color
147773,The Way Way Back
218425,Frequencies
237277,Our Universe 3D
192538,Hammer of the Gods
157370,Kill Your Darlings
158011,The Call
171581,The Marine 3: Homefront
198210,Evidence
102362,Dead Man Down
109417,Battle of the Year
166822,Big Ass Spider!
212769,Make Your Move
193613,Metallica: Through the Never
180894,Ninja: Shadow of a Tear
177945,"Like Father, Like Son"
179154,Standing Up
212167,Patema Inverted
196254,Barbie: Mariposa and The Fairy Princess
227094,The Returned
174645,Java Heat
174675,The Machine
70706,Very Good Girls
157841,The Young and Prodigious T.S. Spivet
209274,Ida
160704,The Berlin File
252360,In the Name of the King III
100544,Officer Down
172631,Family Weekend
60932,The Last Keepers
164184,"Bless Me, Ultima"
190847,The Last Days on Mars
204553,Cold Eyes
74461,Knights of Badassdom
218329,Breakout
252578,Present Perfect Continuous Tense
144789,I'm So Excited!
178682,The Wizards Return: Alex vs. Alex
196024,The Keeper of Lost Causes
159092,Hell Baby
153795,Straight A's
112949,Safe Haven
158990,Wrong Cops
214086,The Face of Love
143049,Adult World
229408,Training Wheels
68179,Escape from Planet Earth
189715,Jan Dara: The Finale
187541,Call Me Crazy: A Five Film
198375,The Garden of Words
108726,A Common Man
159932,A Single Shot
210024,An Adventure in Space and Time
209361,One Chance
210910,Almost Human
204435,Krrish 3
165420,Arrest Me
214030,Fading Gigolo
174682,Raze
238628,Tangerines
180951,Summer in February
211065,Proxy
158914,The Look of Love
50275,The Pirate Bay: Away From Keyboard
141819,Unforgiven
212470,Monster High: 13 Wishes
199534,Wolf Creek 2
198436,Antboy
235093,Killing Kennedy
76170,The Wolverine
183836,The Brats
235046,Darkroom
223899,4Closed
172386,Return to Nim's Island
211067,The Sacrament
152780,The Past
170689,Möbius
180900,Shield of Straw
222230,Angelique
225745,Steins;Gate the Movie: The Burden of Déjà vu
166271,Haunter
214597,Fright Night 2: New Blood
207769,Banshee Chapter
232175,Gimme Shelter
171337,Siberian Education
255692,Ice Soldiers
87436,The ABCs of Death
191714,The Lunchbox
220845,The Smurfs: The Legend of Smurfy Hollow
157820,Mood Indigo
208284,The Strange Color of Your Body's Tears
165739,Pawn
227707,The Adventurer: The Curse of the Midas Box
193645,Seduced and Abandoned
161143,Madly Madagascar
165213,New World
206419,Red Line
191720,Jodorowsky's Dune
214093,Love Is the Perfect Crime
207021,Generation Iron
214075,Words and Pictures
101325,The Forger
160768,Jimmy P.
80920,Repentance
235704,Commitment
206213,Zombie Hunter
157375,The Lifeguard
161056,8-Ball
203665,Paris à tout prix
181009,Saving General Yang
255718,Barbie: The Pearl Princess
205220,Philomena
177203,The Challenger
167581,Free Fall
141733,Cottage Country
209350,Le Week-End
204349,Contracted
242546,Bayonetta: Bloody Fate
115283,A.C.O.D.
202575,Thunder and the House of Magic
146243,Haunt
174316,A Case of You
196031,The Fjällbacka Murders: The Hidden Child
172785,Expecting
167960,Sanitarium
238589,Enemies Closer
156268,InAPPropriate Comedy
182873,Green Street Hooligans: Underground
172847,Scenic Route
167575,Hatchet III
219318,The Volcano
244610,The Den
110552,The Protector 2
146304,The Best Man Holiday
168399,Pioneer
201676,My Little Pony: Equestria Girls
122917,The Hobbit: The Battle of the Five Armies
194662,Birdman
157336,Interstellar
177572,Big Hero 6
118340,Guardians of the Galaxy
205596,The Imitation Game
245891,John Wick
131631,The Hunger Games: Mockingjay - Part 1
100402,Captain America: The Winter Soldier
210577,Gone Girl
244786,Whiplash
198663,The Maze Runner
228150,Fury
127585,X-Men: Days of Future Past
240832,Lucy
98566,Teenage Mutant Ninja Turtles
242582,Nightcrawler
147441,Exodus: Gods and Kings
190859,American Sniper
119450,Dawn of the Planet of the Apes
82702,How to Train Your Dragon 2
181533,Night at the Museum: Secret of the Tomb
270946,Penguins of Madagascar
157350,Divergent
91314,Transformers: Age of Extinction
156022,The Equalizer
102382,The Amazing Spider-Man 2
68737,Seventh Son
120467,The Grand Budapest Hotel
189,Sin City: A Dame to Kill For
205587,The Judge
137113,Edge of Tomorrow
225886,Sex Tape
49017,Dracula Untold
228967,The Interview
169917,A Walk Among the Tombstones
85350,Boyhood
222935,The Fault in Our Stars
238636,The Purge: Anarchy
239563,St. Vincent
100042,Dumb and Dumber To
262543,Automata
227159,Horrible Bosses 2
102651,Maleficent
266856,The Theory of Everything
195589,Neighbors
53182,300: Rise of an Empire
137094,Jack Ryan: Shadow Recruit
138103,The Expendables 3
154400,The Drop
184315,Hercules
193893,Let's Be Cops
204922,Before I Go to Sleep
72784,The Loft
244761,The Captive
157353,Transcendence
206487,Predestination
86834,Noah
124905,Godzilla
289720,Outcast
137106,The Lego Movie
196867,Annie
243683,Step Up All In
297270,Tinker Bell and the Legend of the NeverBeast
242512,Ouija
218043,Left Behind
242224,The Babadook
255343,Escobar: Paradise Lost
187017,22 Jump Street
136797,Need for Speed
97020,RoboCop
100241,"I, Frankenstein"
171274,Inherent Vice
207933,Stonehearst Asylum
200727,"Love, Rosie"
241239,A Most Violent Year
262391,What Did We Do to Deserve This?
172385,Rio 2
284276,Cake
225574,Non-Stop
254201,The Absent One
254904,The November Man
168530,Ride Along
110416,Song of the Sea
249164,If I Stay
76649,Pompeii
228326,The Book of Life
224141,Into the Woods
239571,The Best of Me
190469,Redirected
227306,Unbroken
180299,The Raid 2
188161,A Million Ways to Die in the West
116149,Paddington
228970,Wild
244267,I Origins
284427,Who Am I
170687,The Boxtrolls
137321,Winter's Tale
144336,Sabotage
193610,The Other Woman
136835,No Good Deed
175112,The Pirate Fairy
228194,The Hundred-Foot Journey
197796,Beauty and the Beast
152760,The Monuments Men
181886,Enemy
256917,The Water Diviner
112454,Clown
225565,That Awkward Moment
210479,Locke
87492,Foxcatcher
227156,The Giver
218836,Planes: Fire & Rescue
284293,Still Alice
164251,Serena
157547,Oculus
170522,Asterix: The Land of the Gods
273895,Selma
78383,Nurse 3-D
82703,Mr. Peabody & Sherman
256835,Toy Story That Time Forgot
254473,Brick Mansions
241254,The Prince
198185,Million Dollar Arm
155084,13 Sins
87093,Big Eyes
266285,The Salvation
242310,Rage
265180,Leviathan
234200,Pride
157845,The Rover
97370,Under the Skin
212778,Chef
294652,Son of a Gun
284536,The Gambler
241848,The Guest
290864,Kung Fu Jungle
157849,A Most Wanted Man
250546,Annabelle
255157,The Forger
187596,Walk of Shame
206563,Trash
244506,Camp X-Ray
216282,Into the Storm
239678,This Is Where I Leave You
227783,The Nut Job
238603,Earth to Echo
184346,Deliver Us from Evil
297222,PK
262338,Good People
246080,Black Sea
293310,Citizenfour
286532,A Merry Friggin' Christmas
282296,My Old Lady
276844,The Little Death
230179,Big Game
185341,[REC]⁴ Apocalypse
232672,Blended
293299,Feast
282813,The Pyramid
253312,Space Station 76
184345,A Haunted House 2
265195,Wild Tales
246741,What We Do in the Shadows
246860,Clouds of Sils Maria
260202,Turks & Caicos
288158,The Woman in Black 2: Angel of Death
157834,The Zero Theorem
188207,The Legend of Hercules
245916,Kill the Messenger
247788,The 7th Dwarf
141043,A Long Way Down
279229,Sapphire Blue
253306,Housebound
264656,The Homesman
269258,Honey in the Head
157847,Joe
259611,Frontera
192102,3 Days to Kill
290542,You're Not You
249660,God's Not Dead
243684,"Men, Women & Children"
188166,Blue Ruin
265177,Mommy
277547,Playing It Cool
222649,Rosewater
171372,Frank
237791,The Way He Looks
244264,Laggies
242095,The Signal
238215,The Cobbler
252178,'71
253344,Some Kind Of Beautiful
218778,"Alexander and the Terrible, Horrible, No Good, Very Bad Day"
192149,The Two Faces of January
250066,American Heist
235260,Son of God
252822,In Order of Disappearance
284296,Top Five
245700,Mr. Turner
259018,Behaving Badly
226486,Tammy
256731,Bad Country
297596,Dying of the Light
146015,The Double
157832,Calvary
242076,The Bag Man
82657,7500
287590,Saint Seiya: Legend of Sanctuary
251994,Reach Me
271397,The Tribe
192132,Palo Alto
209451,Jersey Boys
236735,Marshland
157829,The Disappearance of Eleanor Rigby: Them
203834,Jessabelle
208763,Viy
262551,Babysitting
313074,Sword of Vengeance
209276,Starred Up
256274,"As Above, So Below"
286873,Northmen: A Viking Saga
265169,Winter Sleep
292014,The Snow Queen 2: Refreeze
146229,Kristy
276902,Cut Bank
197950,The Connection
240916,Reasonable Doubt
270302,The Riot Club
245906,She’s Funny That Way
151368,Open Windows
268321,Squatters
184098,Think Like a Man Too
210947,Afflicted
215379,Young Ones
209185,The Grand Seduction
157851,Maps to the Stars
297608,The Taking of Deborah Logan
260339,Salting the Battlefield
206821,The Longest Week
244509,Cold in July
287084,The Town that Dreaded Sundown
253235,And So It Goes
256913,Quantum Love
255798,Burying the Ex
254191,Honeymoon
244088,Human Capital
242042,Barefoot
255268,Bad Ass 2: Bad Asses
174337,The Pretty One
269173,The Anomaly
221732,Rurouni Kenshin: The Legend Ends
267793,Petals on the Wind
242828,When Marnie Was There
283227,A Little Chaos
286554,Two Night Stand
257447,Tapped Out
242090,The One I Love
52653,Jinn
253980,Marvel One-Shot: All Hail the King
239562,The Single Moms Club
244268,Love Is Strange
241843,Cooties
252680,Moms' Night Out
254188,At the Devil's Door
192712,Kite
240341,Ghost in the Shell Arise - Border 3: Ghost Tears
244566,Life After Beth
270005,By the Gun
227300,Stretch
257346,Avengers Confidential: Black Widow & Punisher
257093,Dark House
271234,22 Minutes
254194,Starry Eyes
251768,JLA Adventures: Trapped in Time
226448,In Your Eyes
241842,Dead Snow 2: Red vs. Dead
268060,Road to Paloma
254375,Hector and the Search for Happiness
289394,Houdini
248933,The Dark Valley
250538,The Good Lie
265189,Force Majeure
280002,The Remaining
305091,That Sugar Film
283384,The Calling
226857,Endless Love
244403,Rudderless
254023,The Humbling
221667,Saint Laurent
254474,Zombeavers
220471,The Devil's Hand
232679,When the Game Stands Tall
124470,Exists
235271,Addicted
261037,Miss Meadows
298093,Poker Night
193612,The Quiet Ones
177047,Decoding Annie Parker
274626,Animal
304410,The Bélier Family
254263,The Swan Princess: A Royal Family Tale
222899,About Last Night
157099,Better Living Through Chemistry
259956,About Alex
214314,Bears
236737,Spanish Affair
157825,White Bird in a Blizzard
250658,The Internet's Own Boy: The Story of Aaron Swartz
245685,Postman Pat: The Movie
208869,Plastic
114750,Dear White People
287233,Tom and Jerry: The Lost Dragon
298865,Lost After Dark
251519,Son of Batman
283686,Out of the Dark
293633,Catch Hell
289153,"Sex, Love & Therapy"
259954,5 to 7
248507,Superchondriac
256687,Swelter
209269,Felony
261103,Maya the Bee Movie
145220,Muppets Most Wanted
266034,The Blue Room
263281,Our Summer in Provence
284689,Testament of Youth
197583,50 to 1
243935,Rob the Mob
250388,Rampage: Capital Punishment
262958,Jimmy's Hall
292777,Flower and Snake: Zero
100541,The Ganzfeld Haunting
241765,The Outsider
258086,The Damned
245859,God Help the Girl
236751,Heaven Is for Real
244772,The Skeleton Twins
290336,Montana
283726,The New Girlfriend
286521,5 Flights Up
252102,Land Ho!
246403,Tusk
241771,Beyond the Lights
256474,In the Blood
269148,Samba
288281,A Good Marriage
244783,Song One
227735,Dolphin Tale 2
243526,Faults
254578,Phoenix
286709,Revenge of the Green Dragons
251577,The Treatment
145221,Monsters: Dark Continent
281780,Kundo: Age of the Rampant
242166,Red Sky
327833,Skin Trade
79316,Devil's Due
254196,Someone You Love
177494,Veronica Mars
206192,Perfect Sisters
209416,Supermensch: The Legend of Shep Gordon
200505,Draft Day
259072,Wrong Turn 6: Last Resort
254186,Among the Living
276488,Let Us Prey
113833,The Normal Heart
157424,Cabin Fever: Patient Zero
281418,The Lookalike
244536,Hellion
284303,Goodnight Mommy
292795,Yellowbird
277368,Nicholas on Holiday
252171,A Girl Walks Home Alone at Night
304336,Lap Dance
281298,The Divine Move
250766,Life Itself
201086,Cuban Fury
286548,Tekken: Kazuya's Revenge
282069,Parasyte: Part 1
246011,Ping Pong Summer
265228,Timbuktu
248611,Mea Culpa
217993,Justice League: War
253161,Madame Bovary
283691,Halo: Nightfall
193726,The ABCs of Death 2
297961,Big Driver
248774,Obvious Child
231576,Wish I Was Here
265010,The Canal
229297,Magic in the Moonlight
293982,Warsaw 44
271331,United Passions
180305,Mercy
325156,Breast Friends
267467,The Target
270400,Breathe
280016,Asmodexia
76341,Mad Max: Fury Road
281957,The Revenant
135397,Jurassic World
314365,Spotlight
286217,The Martian
87101,Terminator Genisys
264644,Room
211672,Minions
140607,Star Wars: The Force Awakens
206647,Spectre
336004,Heist
318846,The Big Short
102899,Ant-Man
99861,Avengers: Age of Ultron
228066,Victor Frankenstein
312221,Creed
158852,Tomorrowland
205775,In the Heart of the Sea
296098,Bridge of Spies
262500,Insurgent
227973,The Peanuts Movie
150540,Inside Out
264660,Ex Machina
306819,The Danish Girl
167073,Brooklyn
294254,Maze Runner: The Scorch Trials
131634,The Hunger Games: Mockingjay - Part 2
274854,The Last Witch Hunter
273248,The Hateful Eight
365222,Ip Man 3
257344,Pixels
254128,San Andreas
258480,Carol
76757,Jupiter Ascending
207703,Kingsman: The Secret Service
177677,Mission: Impossible – Rogue Nation
159824,Hotel Transylvania 2
214756,Ted 2
253412,Everest
105864,The Good Dinosaur
150689,Cinderella
168259,Furious 7
273481,Sicario
260346,Taken 3
203801,The Man from U.N.C.L.E.
198184,Chappie
254470,Pitch Perfect 2
329263,"F*ck You, Goethe 2"
238615,Self/less
263472,Knock Knock
265208,Wild Card
166424,Fantastic Four
241251,The Boy Next Door
257211,The Intern
321697,Steve Jobs
261023,Black Mass
307081,Southpaw
270303,It Follows
296100,The Night Before
252838,The Wedding Ringer
210860,Mortdecai
271718,Trainwreck
216015,Fifty Shades of Grey
277216,Straight Outta Compton
274479,Joy
287903,Krampus
201085,Crimson Peak
225728,Macbeth
241554,Run All Night
201088,Blackhat
266647,Pan
243688,Poltergeist
280996,Mr. Holmes
292431,Love
285783,The Walk
276907,Legend
307663,Vice
238713,Spy
181283,Child 44
293863,The Age of Adaline
241257,Regression
286565,Paper Towns
290764,Tracers
334074,Survivor
228161,Home
256591,Focus
294016,Trumbo
192141,No Escape
290751,Secret in Their Eyes
249070,Hitman: Agent 47
228165,The SpongeBob Movie: Sponge Out of Water
342878,One Wild Moment
296099,Vacation
254320,The Lobster
261392,American Ultra
298382,The Dressmaker
310593,Youth
287948,The Transporter Refueled
256961,Paul Blart: Mall Cop 2
339527,Solace
272693,The DUFF
263109,Shaun the Sheep Movie
301351,We Are Your Friends
287424,Maggie
308504,Last Knights
257445,Goosebumps
293646,The 33
330764,The Brand New Testament
227719,Project Almanac
284289,Beyond the Reach
332502,400 Days
298312,The Visit
232572,A Walk in the Woods
266294,Sisters
280092,Insidious: Chapter 3
273477,Scouts Guide to the Zombie Apocalypse
314405,Tale of Tales
146301,Paranormal Activity: The Ghost Dimension
272548,Moonwalkers
277154,Admiral
228205,The Longest Ride
336882,The Wave
253626,Good Kill
257088,Point Break
295964,Burnt
331781,Amy
251516,Kung Fury
188222,Entourage
322456,LEGO DC Comics Super Heroes: Justice League vs. Bizarro League
245168,Suffragette
294963,Bone Tomahawk
266396,The Gunman
303857,Dragon Ball Z: Resurrection 'F'
337029,Frankenstein
284674,Air
300803,Dragonheart 3: The Sorcerer's Curse
277685,Unfriended
308369,Me and Earl and the Dying Girl
321741,Concussion
326425,Extraction
302528,Remember
277355,Everly
336050,Son of Saul
311291,45 Years
182560,Dark Places
328425,The Gift
274109,Palmeras en la nieve
291270,Anomalisa
308639,Dope
351819,Fifty Shades of Black
258509,Alvin and the Chipmunks: The Road Chip
243938,Hot Tub Time Machine 2
333348,Love the Coopers
277546,The Runner
243940,The Lazarus Effect
299245,The Gallows
237756,Kill Me Three Times
309304,Grandma
223485,Slow West
334527,Criminal Activities
239573,Unfinished Business
218784,Freaks of Nature
283445,Sinister 2
222936,Aloha
332340,Man Up
297291,The Scorpion King 4: Quest for Power
250734,Far from the Madding Crowd
228203,"McFarland, USA"
10317,Our Brand Is Crisis
309809,The Little Prince
302429,Strange Magic
347182,Meiji Tokyo Renka: Yumihari no Serenade
282984,Irrational Man
245706,True Story
86835,Knight of Cups
333696,Naked Among Wolves
254172,Fathers and Daughters
300693,Truth
320007,Victoria
332270,Battle For Sevastopol
323372,The Corpse of Anna Fritz
323661,Mune
290762,Miss You Already
272878,Max
308024,The Overnight
245698,Pawn Sacrifice
234212,Demonic
338803,The Treacherous
244458,The Voices
300168,Dragon Blade
228968,Kidnapping Mr. Heineken
315465,The Boy and the Beast
317952,Cartel Land
339530,Tremors 5: Bloodlines
347969,The Ridiculous 6
276839,Home Sweet Hell
326359,Frozen Fever
299824,Mojin: The Lost Legend
283587,Beasts of No Nation
252512,While We're Young
293970,The Final Girls
264999,Magic Mike XXL
257091,Get Hard
248574,Barely Lethal
157544,The Vatican Tapes
366656,Snowtime!
331190,Captive
306745,Freeheld
341392,Lolo
324803,Hangman
292040,Spooks: The Greater Good
317744,Careful What You Wish For
241855,Spring
304357,Woman in Gold
357096,I Spit on Your Grave III: Vengeance is Mine
385232,Dudes & Dragons
293771,Dead Rising: Watchtower
268238,The Second Best Exotic Marigold Hotel
86828,Absolutely Anything
353595,Lego DC Comics Super Heroes: Justice League: Attack of the Legion of Doom
275601,Ricki and the Flash
310135,Turbo Kid
333381,Return to Sender
323272,War Room
253331,Black or White
300153,Life
323373,Deathgasm
335866,Circle
304372,The Perfect Guy
318922,Kill Your Friends
338676,Extinction
283235,99 Homes
268920,Hot Pursuit
274167,Daddy's Home
334354,Windstorm 2
309299,Experimenter
157843,Queen of the Desert
244316,Into the Grizzly Maze
256962,Little Boy
329637,Star Trek: Renegades
301728,Infini
320006,Taxi
288036,Sleeping with Other People
273271,Time Lapse
326215,Ooops! Noah is Gone...
353610,The Condemned 2
336804,Mustang
348892,Bajrangi Bhaijaan
306964,Tales of Halloween
242606,Home Invasion
329010,Emelie
344268,Les Nouvelles aventures d'Aladin
346808,Momentum
287284,Swung
324963,Monster High: Haunted
325358,Superfast!
322518,The Intruders
309581,Lila & Eve
314402,Dheepan
295830,Attack on Titan
310133,Cop Car
309302,Wolf Totem
353686,Visions
321068,Mythica: A Quest for Heroes
271736,The Program
329004,The Survivalist
290637,Pay the Ghost
167810,Lost River
351145,Retribution
329815,Disorder
347754,Curve
342464,Jack of the Red Hearts
341744,Truman
324812,Alientampon
318224,Going Clear: Scientology and the Prison of Belief
352208,Where to Invade Next
331576,SPL 2: A Time for Consequences
308447,The Flintstones & WWE: Stone Age Smackdown
259963,Boulevard
298032,VANish
94365,The Human Centipede 3 (Final Sequence)
256924,Danny Collins
332500,College Coeds Vs. Zombie Housewives
79698,The Lovers
384766,Daughter
328589,The Lady in the Van
257444,The Boy
334298,Monster Hunt
278236,X+Y
356296,Suburra
297556,Justice League: Throne of Atlantis
193687,Z for Zachariah
360799,Arrowhead
316322,Barbie in Princess Power
250124,The Diary of a Teenage Girl
328595,Parallels
331446,Sharknado 3: Oh Hell No!
298036,The Burning Dead
326284,Pound of Flesh
348060,Antigang
339533,San Andreas Quake
287495,Labyrinth of Lies
329829,The Girl King
335462,Wolf Warrior
264337,Spare Parts
246133,Entertainment
318917,Look Who's Back
334531,My All American
253450,The Assassin
321494,The Man with the Iron Fists 2
277217,Descendants
308638,The D Train
319847,Hansel Vs. Gretel
300602,Capture the Flag
319188,Frankenstein vs. The Mummy
349045,Looney Tunes: Rabbits Run
254905,Manglehorn
321751,A Perfect Day
317144,Cyberbully
329289,Always Watching: A Marble Hornets Story
245846,Strangerland
366141,Cro Minion
295595,Soaked in Bleach
253414,Rock the Kasbah
360784,Hidden
75861,To Write Love on Her Arms
311770,My Skinny Sister
291272,We Are Still Here
323027,Justice League: Gods and Monsters
309503,Zipper
297239,Boy 7
346830,Boy 7
340382,Attack on Titan: End of the World
329540,The Marine 4: Moving Target
323674,6 Years
315575,My Golden Days
324308,Steve Jobs: The Man in the Machine
316410,Bound
309298,Don Verdean
291865,From the Dark
352157,Marguerite
307479,88
351901,12 Rounds 3: Lockdown
323966,A Hitman in London
359983,The Lion Guard: Return of the Roar
258099,Just Before I Go
254472,Stung
256030,Muck
296065,Last Shift
291549,Assassination
336805,Much Loved
305638,The Shamer's Daughter
320048,Ratter
319341,Daddy or Mommy
289716,The World Made Straight
323967,Walter
306969,Dark Summer
321528,Batman vs. Robin
355111,Barbie in Rock 'N Royals
330544,Bessie
308403,Homesick
294741,The Falling
309242,Mississippi Grind
364664,Lazy Hazy Crazy
314385,By the Sea
319076,Listen to Me Marlon
207936,Tumbledown
14564,Rings
266639,Jem and the Holograms
249688,The End of the Tour
355338,Riley's First Date?
312669,Maggie's Plan
315588,Dreamgirls
360638,L'étudiante et Monsieur Henri
359305,An Inspector Calls
357940,Mr. Six
207270,The Hoarder
340275,Chi-Raq
319075,Cobain: Montage of Heck
348678,A Man Called Ove
345637,Sanjay's Super Team
330294,Marguerite & Julien
321594,Louis C.K.: Live at The Comedy Store
337219,Imprisoned: Survival Guide for Rich and Prodigal
335970,Joe Dirt 2: Beautiful Loser
367551,American Hero
343059,Hollywood Adventures
348811,War Pigs
329805,My King
348689,Memories of the Sword
319340,I Kissed a Girl
361263,Jesse Stone: Lost in Paradise
374454,Making a Murderer
286192,Lava
300155,A Royal Night Out
356216,The Rise of the Krays
328869,Meadowland
346079,6 Ways to Die
324333,Wild Horses
322766,Beautiful and Twisted
